insert into book (isbn, title, number_of_pages, publication_date) values ('345951762-X', 'Chastity Bites', 523, '2019-07-23');
insert into book (isbn, title, number_of_pages, publication_date) values ('813931175-8', 'Filth', 383, '2019-06-26');
insert into book (isbn, title, number_of_pages, publication_date) values ('474689994-0', 'End of the Affair, The', 750, '2019-10-10');
insert into book (isbn, title, number_of_pages, publication_date) values ('571609087-7', 'Alien Hunter', 102, '2018-10-27');
insert into book (isbn, title, number_of_pages, publication_date) values ('113513723-4', 'Nobody Knows Anybody (Nadie conoce a nadie)', 999, '2018-10-30');
insert into book (isbn, title, number_of_pages, publication_date) values ('144303702-8', 'Model Shop', 161, '2016-09-22');
insert into book (isbn, title, number_of_pages, publication_date) values ('863877904-6', 'Owning Mahowny', 241, '2019-07-11');
insert into book (isbn, title, number_of_pages, publication_date) values ('955210501-3', 'Silent Night, Deadly Night Part 2', 842, '2019-08-13');
insert into book (isbn, title, number_of_pages, publication_date) values ('653534155-0', 'Following', 299, '2020-09-08');
insert into book (isbn, title, number_of_pages, publication_date) values ('076795529-3', 'Without Pity', 466, '2021-05-23');
insert into book (isbn, title, number_of_pages, publication_date) values ('720819162-X', 'Man of My Life, The (L''homme de sa vie)', 437, '2019-02-25');
insert into book (isbn, title, number_of_pages, publication_date) values ('839985625-8', 'Paranoia Agent', 712, '2020-04-18');
insert into book (isbn, title, number_of_pages, publication_date) values ('563944853-9', '11 Harrowhouse', 348, '2019-01-06');
insert into book (isbn, title, number_of_pages, publication_date) values ('341058723-3', 'Saban, Son of Saban', 886, '2020-01-20');
insert into book (isbn, title, number_of_pages, publication_date) values ('192190095-4', 'Cialo', 591, '2020-04-17');
insert into book (isbn, title, number_of_pages, publication_date) values ('215367579-0', 'ejiow', null, '2018-07-25');
insert into book (isbn, title, number_of_pages, publication_date) values ('027933923-2', 'Alice, Sweet Alice (a.k.a. Communion) (a.k.a. Holy Terror)', 296, '2016-10-15');
insert into book (isbn, title, number_of_pages, publication_date) values ('795920063-7', 'Big Easy, The', 930, '2019-07-08');
insert into book (isbn, title, number_of_pages, publication_date) values ('918530552-9', 'Don Quixote', 293, '2019-10-30');
insert into book (isbn, title, number_of_pages, publication_date) values ('085173111-2', null, 200, '2020-10-23');
insert into book (isbn, title, number_of_pages, publication_date) values ('372271208-4', 'Pointe-Courte, La', 48, '2019-10-01');
insert into book (isbn, title, number_of_pages, publication_date) values ('021820628-3', 'Travelling Players, The (O thiasos)', 453, '2017-05-05');
insert into book (isbn, title, number_of_pages, publication_date) values ('314865405-6', '2010: The Year We Make Contact', 809, '2018-11-17');
insert into book (isbn, title, number_of_pages, publication_date) values ('902125107-8', 'Last Train from Gun Hill', 481, '2017-06-29');
insert into book (isbn, title, number_of_pages, publication_date) values ('826766717-2', 'But Not for Me', 698, '2021-04-25');
insert into book (isbn, title, number_of_pages, publication_date) values ('205480479-7', 'Mala Noche', 89, '2018-04-08');
insert into book (isbn, title, number_of_pages, publication_date) values ('459474301-3', 'Very Ordinary Couple (Yeonaeui Wondo)', 45, '2020-10-11');
insert into book (isbn, title, number_of_pages, publication_date) values ('845102216-2', 'After the Rehearsal (Efter repetitionen)', 810, '2018-08-05');
insert into book (isbn, title, number_of_pages, publication_date) values ('323120901-3', 'Wee Willie Winkie', 264, '2020-07-27');
insert into book (isbn, title, number_of_pages, publication_date) values ('051508994-X', 'America''s Heart and Soul', 134, '2018-11-01');
insert into book (isbn, title, number_of_pages, publication_date) values ('784313901-X', 'Charlie Chan''s Murder Cruise', 916, '2021-02-11');
insert into book (isbn, title, number_of_pages, publication_date) values ('953588562-6', 'Himizu', 745, '2020-11-20');
insert into book (isbn, title, number_of_pages, publication_date) values ('899684488-8', 'Serious Man, A', 512, '2017-05-01');
insert into book (isbn, title, number_of_pages, publication_date) values ('655471597-5', 'Paisan (Paisà)', 690, '2019-06-05');
insert into book (isbn, title, number_of_pages, publication_date) values ('881657640-5', 'Book of Shadows: Blair Witch 2', 281, '2018-03-24');
insert into book (isbn, title, number_of_pages, publication_date) values ('694480213-9', 'Black Christmas', 143, '2018-06-17');
insert into book (isbn, title, number_of_pages, publication_date) values ('817502093-8', 'The Little Fox', 580, '2018-10-06');
insert into book (isbn, title, number_of_pages, publication_date) values ('137782735-6', 'Night Patrol', 151, '2016-10-14');
insert into book (isbn, title, number_of_pages, publication_date) values ('906619115-5', 'Meatballs III', 537, '2020-09-19');
insert into book (isbn, title, number_of_pages, publication_date) values ('330597795-7', 'Crazy, Stupid, Love.', 228, '2019-01-11');
insert into book (isbn, title, number_of_pages, publication_date) values ('215163157-5', 'Callejón de los milagros, El', 507, '2020-06-21');
insert into book (isbn, title, number_of_pages, publication_date) values ('435066344-4', 'Titan A.E.', 858, '2019-01-18');
insert into book (isbn, title, number_of_pages, publication_date) values ('135931605-1', null, null, '2017-04-18');
insert into book (isbn, title, number_of_pages, publication_date) values ('831646694-5', 'Life of Jesus, The (La vie de Jésus)', 750, '2017-03-06');
insert into book (isbn, title, number_of_pages, publication_date) values ('325472714-2', null, null, '2017-10-08');
insert into book (isbn, title, number_of_pages, publication_date) values ('247720377-0', 'Maid, The (Nana, La)', 990, '2019-08-24');
insert into book (isbn, title, number_of_pages, publication_date) values ('608486546-1', 'Lost in Yonkers', 639, '2020-12-21');
insert into book (isbn, title, number_of_pages, publication_date) values ('656902165-6', 'Yu-Gi-Oh!', 526, '2019-10-17');
insert into book (isbn, title, number_of_pages, publication_date) values ('727646843-7', 'Rudderless', 18, '2018-04-05');
insert into book (isbn, title, number_of_pages, publication_date) values ('067633178-5', 'Blind Date', 920, '2016-08-22');

insert into subject (subject_name) values ('children');
insert into subject (subject_name) values ('comedy');
insert into subject (subject_name) values ('action');
insert into subject (subject_name) values ('drama');
insert into subject (subject_name) values ('horror');
insert into subject (subject_name) values ('war');
insert into subject (subject_name) values ('adventure');
insert into subject (subject_name) values ('fantasy');
insert into subject (subject_name) values ('crime');
insert into subject (subject_name) values ('musical');
insert into subject (subject_name) values ('thriller');

ALTER SEQUENCE author_author_id_seq RESTART WITH 1;
insert into author (author_first_name, author_last_name, description) values ('Barnett', 'Mannagh', 'Proin interdum mauris non ligula pellentesque ultrices. Phasellus id sapien in sapien iaculis congue. Vivamus metus arcu, adipiscing molestie, hendrerit at, vulputate vitae, nisl. Aenean lectus.');
insert into author (author_first_name, author_last_name, description) values ('Berky', 'Dakin', 'In congue. Etiam justo. Etiam pretium iaculis justo. In hac habitasse platea dictumst.');
insert into author (author_first_name, author_last_name, description) values ('Adelaida', 'Maxweell', 'Aliquam sit amet diam in magna bibendum imperdiet. Nullam orci pede, venenatis non, sodales sed, tincidunt eu, felis. Fusce posuere felis sed lacus. Morbi sem mauris, laoreet ut, rhoncus aliquet, pulvinar sed, nisl.');
insert into author (author_first_name, author_last_name, description) values ('Philippa', 'Youson', 'Morbi odio odio, elementum eu, interdum eu, tincidunt in, leo. Maecenas pulvinar lobortis est. Phasellus sit amet erat. Nulla tempus.');
insert into author (author_first_name, author_last_name, description) values ('Thedric', 'Melling', 'Sed sagittis. Nam congue, risus semper porta volutpat, quam pede lobortis ligula, sit amet eleifend pede libero quis orci. Nullam molestie nibh in lectus. Pellentesque at nulla. Suspendisse potenti.');
insert into author (author_first_name, author_last_name, description) values ('Cord', 'Landsbury', 'Maecenas rhoncus aliquam lacus. Morbi quis tortor id nulla ultrices aliquet. Maecenas leo odio, condimentum id, luctus nec, molestie sed, justo. Pellentesque viverra pede ac diam. Cras pellentesque volutpat dui.');
insert into author (author_first_name, author_last_name, description) values ('Hobey', 'Waters', 'Aliquam augue quam, sollicitudin vitae, consectetuer eget, rutrum at, lorem. Integer tincidunt ante vel ipsum.');
insert into author (author_first_name, author_last_name, description) values ('Anne-marie', 'Hastewell', 'Suspendisse potenti.');
insert into author (author_first_name, author_last_name, description) values ('Anabal', 'Cashman', 'Nullam varius. Nulla facilisi. Cras non velit nec nisi vulputate nonummy. Maecenas tincidunt lacus at velit. Vivamus vel nulla eget eros elementum pellentesque.');
insert into author (author_first_name, author_last_name, description) values ('Elton', 'Rosson', null);

insert into publisher (publisher_name) values ('Bruen, Reilly and Ritchie');
insert into publisher (publisher_name) values ('Toy, Macejkovic and Mraz');
insert into publisher (publisher_name) values ('Wilderman LLC');
insert into publisher (publisher_name) values ('Spinka, Sanford and Funk');
insert into publisher (publisher_name) values ('Sipes LLC');

insert into library (library_name, library_address) values ('Jamia', ('9 Kingsford Drive', 'Louisville', 'Kentucky', 41871, 'United States'));
insert into library (library_name, library_address) values ('Yoveo', ('23390 Independence Point', 'Tulsa', 'Oklahoma', 51045, 'United States'));
insert into library (library_name, library_address) values ('Voolia',('865 Barnett Center', 'Kansas City', 'Missouri', 83219, 'United States'));

insert into rack (location_identifier) values ('#b4bd0e');
insert into rack (location_identifier) values ('#5646e5');
insert into rack (location_identifier) values ('#96f2e9');
insert into rack (location_identifier) values ('#4b12b5');
insert into rack (location_identifier) values ('#894503');
insert into rack (location_identifier) values ('#88e3cd');
insert into rack (location_identifier) values ('#bda4e7');
insert into rack (location_identifier) values ('#5eb39f');
insert into rack (location_identifier) values ('#a8720f');
insert into rack (location_identifier) values ('#31d73a');

INSERT INTO book_has_author VALUES('345951762-X', 10);
INSERT INTO book_has_author VALUES('345951762-X', 9);
INSERT INTO book_has_author VALUES('813931175-8', 1);
INSERT INTO book_has_author VALUES('474689994-0', 1);
INSERT INTO book_has_author VALUES('571609087-7', 5);
INSERT INTO book_has_author VALUES('113513723-4', 7);
INSERT INTO book_has_author VALUES('144303702-8', 5);
INSERT INTO book_has_author VALUES('144303702-8', 1);
INSERT INTO book_has_author VALUES('144303702-8', 8);
INSERT INTO book_has_author VALUES('863877904-6', 3);
INSERT INTO book_has_author VALUES('955210501-3', 1);
INSERT INTO book_has_author VALUES('653534155-0', 1);
INSERT INTO book_has_author VALUES('076795529-3', 7);
INSERT INTO book_has_author VALUES('720819162-X', 4);
INSERT INTO book_has_author VALUES('839985625-8', 1);
INSERT INTO book_has_author VALUES('341058723-3', 3);
INSERT INTO book_has_author VALUES('192190095-4', 7);
INSERT INTO book_has_author VALUES('027933923-2', 3);
INSERT INTO book_has_author VALUES('795920063-7', 8);
INSERT INTO book_has_author VALUES('918530552-9', 1);
INSERT INTO book_has_author VALUES('085173111-2', 8);
INSERT INTO book_has_author VALUES('372271208-4', 2);
INSERT INTO book_has_author VALUES('021820628-3', 9);
INSERT INTO book_has_author VALUES('314865405-6', 4);
INSERT INTO book_has_author VALUES('902125107-8', 6);
INSERT INTO book_has_author VALUES('205480479-7', 8);
INSERT INTO book_has_author VALUES('459474301-3', 2);
INSERT INTO book_has_author VALUES('845102216-2', 10);
INSERT INTO book_has_author VALUES('323120901-3', 3);
INSERT INTO book_has_author VALUES('051508994-X', 9);
INSERT INTO book_has_author VALUES('784313901-X', 1);
INSERT INTO book_has_author VALUES('899684488-8', 3);
INSERT INTO book_has_author VALUES('655471597-5', 2);
INSERT INTO book_has_author VALUES('881657640-5', 10);
INSERT INTO book_has_author VALUES('881657640-5', 1);
INSERT INTO book_has_author VALUES('881657640-5', 2);
INSERT INTO book_has_author VALUES('881657640-5', 3);
INSERT INTO book_has_author VALUES('694480213-9', 2);
INSERT INTO book_has_author VALUES('906619115-5', 7);
INSERT INTO book_has_author VALUES('330597795-7', 9);
INSERT INTO book_has_author VALUES('215163157-5', 7);
INSERT INTO book_has_author VALUES('435066344-4', 5);
INSERT INTO book_has_author VALUES('135931605-1', 9);
INSERT INTO book_has_author VALUES('831646694-5', 10);
INSERT INTO book_has_author VALUES('325472714-2', 2);
INSERT INTO book_has_author VALUES('325472714-2', 6);
INSERT INTO book_has_author VALUES('247720377-0', 6);
INSERT INTO book_has_author VALUES('608486546-1', 6);
INSERT INTO book_has_author VALUES('656902165-6', 4);
INSERT INTO book_has_author VALUES('727646843-7', 10);
INSERT INTO book_has_author VALUES('067633178-5', 8);

INSERT INTO book_has_publisher VALUES ('345951762-X', 3);
INSERT INTO book_has_publisher VALUES ('813931175-8', 4);
INSERT INTO book_has_publisher VALUES ('474689994-0', 1);
INSERT INTO book_has_publisher VALUES ('571609087-7', 2);
INSERT INTO book_has_publisher VALUES ('113513723-4', 1);
INSERT INTO book_has_publisher VALUES ('144303702-8', 5);
INSERT INTO book_has_publisher VALUES ('863877904-6', 4);
INSERT INTO book_has_publisher VALUES ('955210501-3', 4);
INSERT INTO book_has_publisher VALUES ('653534155-0', 3);
INSERT INTO book_has_publisher VALUES ('076795529-3', 4);
INSERT INTO book_has_publisher VALUES ('720819162-X', 4);
INSERT INTO book_has_publisher VALUES ('839985625-8', 1);
INSERT INTO book_has_publisher VALUES ('563944853-9', 2);
INSERT INTO book_has_publisher VALUES ('341058723-3', 2);
INSERT INTO book_has_publisher VALUES ('192190095-4', 2);
INSERT INTO book_has_publisher VALUES ('215367579-0', 4);
INSERT INTO book_has_publisher VALUES ('027933923-2', 1);
INSERT INTO book_has_publisher VALUES ('795920063-7', 2);
INSERT INTO book_has_publisher VALUES ('918530552-9', 1);
INSERT INTO book_has_publisher VALUES ('085173111-2', 1);
INSERT INTO book_has_publisher VALUES ('372271208-4', 2);
INSERT INTO book_has_publisher VALUES ('021820628-3', 5);
INSERT INTO book_has_publisher VALUES ('314865405-6', 3);
INSERT INTO book_has_publisher VALUES ('902125107-8', 3);
INSERT INTO book_has_publisher VALUES ('826766717-2', 2);
INSERT INTO book_has_publisher VALUES ('205480479-7', 5);
INSERT INTO book_has_publisher VALUES ('459474301-3', 1);
INSERT INTO book_has_publisher VALUES ('845102216-2', 4);
INSERT INTO book_has_publisher VALUES ('323120901-3', 4);
INSERT INTO book_has_publisher VALUES ('051508994-X', 4);
INSERT INTO book_has_publisher VALUES ('784313901-X', 4);
INSERT INTO book_has_publisher VALUES ('953588562-6', 5);
INSERT INTO book_has_publisher VALUES ('899684488-8', 4);
INSERT INTO book_has_publisher VALUES ('655471597-5', 5);
INSERT INTO book_has_publisher VALUES ('881657640-5', 5);
INSERT INTO book_has_publisher VALUES ('694480213-9', 1);
INSERT INTO book_has_publisher VALUES ('817502093-8', 1);
INSERT INTO book_has_publisher VALUES ('137782735-6', 3);
INSERT INTO book_has_publisher VALUES ('906619115-5', 1);
INSERT INTO book_has_publisher VALUES ('330597795-7', 3);
INSERT INTO book_has_publisher VALUES ('215163157-5', 2);
INSERT INTO book_has_publisher VALUES ('435066344-4', 2);
INSERT INTO book_has_publisher VALUES ('135931605-1', 5);
INSERT INTO book_has_publisher VALUES ('831646694-5', 2);
INSERT INTO book_has_publisher VALUES ('325472714-2', 5);
INSERT INTO book_has_publisher VALUES ('247720377-0', 5);
INSERT INTO book_has_publisher VALUES ('608486546-1', 4);
INSERT INTO book_has_publisher VALUES ('656902165-6', 4);
INSERT INTO book_has_publisher VALUES ('727646843-7', 5);
INSERT INTO book_has_publisher VALUES ('067633178-5', 3);

INSERT INTO book_has_subject VALUES('345951762-X', 10);
INSERT INTO book_has_subject VALUES('345951762-X', 9);
INSERT INTO book_has_subject VALUES('813931175-8', 1);
INSERT INTO book_has_subject VALUES('474689994-0', 1);
INSERT INTO book_has_subject VALUES('571609087-7', 5);
INSERT INTO book_has_subject VALUES('113513723-4', 7);
INSERT INTO book_has_subject VALUES('144303702-8', 5);
INSERT INTO book_has_subject VALUES('144303702-8', 1);
INSERT INTO book_has_subject VALUES('144303702-8', 8);
INSERT INTO book_has_subject VALUES('863877904-6', 3);
INSERT INTO book_has_subject VALUES('955210501-3', 1);
INSERT INTO book_has_subject VALUES('653534155-0', 1);
INSERT INTO book_has_subject VALUES('076795529-3', 7);
INSERT INTO book_has_subject VALUES('720819162-X', 4);
INSERT INTO book_has_subject VALUES('839985625-8', 1);
INSERT INTO book_has_subject VALUES('563944853-9', 8);
INSERT INTO book_has_subject VALUES('341058723-3', 3);
INSERT INTO book_has_subject VALUES('192190095-4', 7);
INSERT INTO book_has_subject VALUES('027933923-2', 3);
INSERT INTO book_has_subject VALUES('795920063-7', 8);
INSERT INTO book_has_subject VALUES('918530552-9', 1);
INSERT INTO book_has_subject VALUES('085173111-2', 8);
INSERT INTO book_has_subject VALUES('372271208-4', 2);
INSERT INTO book_has_subject VALUES('021820628-3', 9);
INSERT INTO book_has_subject VALUES('314865405-6', 4);
INSERT INTO book_has_subject VALUES('902125107-8', 6);
INSERT INTO book_has_subject VALUES('205480479-7', 8);
INSERT INTO book_has_subject VALUES('459474301-3', 2);
INSERT INTO book_has_subject VALUES('845102216-2', 10);
INSERT INTO book_has_subject VALUES('323120901-3', 3);
INSERT INTO book_has_subject VALUES('051508994-X', 9);
INSERT INTO book_has_subject VALUES('784313901-X', 1);
INSERT INTO book_has_subject VALUES('899684488-8', 3);
INSERT INTO book_has_subject VALUES('655471597-5', 2);
INSERT INTO book_has_subject VALUES('881657640-5', 11);
INSERT INTO book_has_subject VALUES('881657640-5', 1);
INSERT INTO book_has_subject VALUES('881657640-5', 2);
INSERT INTO book_has_subject VALUES('881657640-5', 3);
INSERT INTO book_has_subject VALUES('694480213-9', 2);
INSERT INTO book_has_subject VALUES('137782735-6', 3);
INSERT INTO book_has_subject VALUES('906619115-5', 7);
INSERT INTO book_has_subject VALUES('330597795-7', 9);
INSERT INTO book_has_subject VALUES('215163157-5', 7);
INSERT INTO book_has_subject VALUES('435066344-4', 5);
INSERT INTO book_has_subject VALUES('135931605-1', 9);
INSERT INTO book_has_subject VALUES('831646694-5', 10);
INSERT INTO book_has_subject VALUES('325472714-2', 2);
INSERT INTO book_has_subject VALUES('325472714-2', 6);
INSERT INTO book_has_subject VALUES('247720377-0', 6);
INSERT INTO book_has_subject VALUES('608486546-1', 6);
INSERT INTO book_has_subject VALUES('656902165-6', 4);
INSERT INTO book_has_subject VALUES('727646843-7', 10);
INSERT INTO book_has_subject VALUES('067633178-5', 8);

insert into book_item (library_id, rack_id, isbn, book_item_format, book_item_status, barcode, is_reference_only, price, date_of_purchase) values (1, 10,'345951762-X', 'hardcover','available','CZ53 9267 0857 8007 5341 9508', false, 8.22, '2017/05/29');
insert into book_item (library_id, rack_id, isbn, book_item_format, book_item_status, barcode, is_reference_only, price, date_of_purchase) values (3, 8,'813931175-8', 'hardcover','available','BA38 5025 9217 4655 8770', false, 716.61, '2020/11/02');
insert into book_item (library_id, rack_id, isbn, book_item_format, book_item_status, barcode, is_reference_only, price, date_of_purchase) values (1, 2,'474689994-0', 'hardcover','available','AD82 5773 6814 ICXK TXLJ ML0Q', true, 248.52, '2017/09/08');
insert into book_item (library_id, rack_id, isbn, book_item_format, book_item_status, barcode, is_reference_only, price, date_of_purchase) values (2, 10,'571609087-7', 'hardcover','available','AT10 7426 5455 0293 5457', false, 945.07, '2018/05/12');
insert into book_item (library_id, rack_id, isbn, book_item_format, book_item_status, barcode, is_reference_only, price, date_of_purchase) values (3, 2,'113513723-4', 'hardcover','available','FR83 4964 0972 82MB ZPIQ FUKB 510', false, 426.59, '2019/08/04');
insert into book_item (library_id, rack_id, isbn, book_item_format, book_item_status, barcode, is_reference_only, price, date_of_purchase) values (2, 1,'144303702-8', 'hardcover','available','FO18 1211 3295 5310 29', true, 815.55, '2019/07/05');
insert into book_item (library_id, rack_id, isbn, book_item_format, book_item_status, barcode, is_reference_only, price, date_of_purchase) values (3, 7,'863877904-6', 'hardcover','available','GB44 KTZB 7744 5372 5073 02', false, 86.83, '2017/05/21');
insert into book_item (library_id, rack_id, isbn, book_item_format, book_item_status, barcode, is_reference_only, price, date_of_purchase) values (3, 2,'955210501-3', 'hardcover','available','IT76 C634 7099 262J KYVT TLND VYY', true, 221.01, '2020/10/25');
insert into book_item (library_id, rack_id, isbn, book_item_format, book_item_status, barcode, is_reference_only, price, date_of_purchase) values (2, 8,'653534155-0', 'hardcover','available','FR96 1847 8540 61EH GMFI YLEY O21', false, 874.57, '2020/11/02');
insert into book_item (library_id, rack_id, isbn, book_item_format, book_item_status, barcode, is_reference_only, price, date_of_purchase) values (2, 1,'076795529-3', 'hardcover','available','AT24 5599 8696 5891 8789', false, 618.47, '2019/12/21');
insert into book_item (library_id, rack_id, isbn, book_item_format, book_item_status, barcode, is_reference_only, price, date_of_purchase) values (1, 10,'720819162-X', 'hardcover','available','RO26 STKX BIE3 ZC59 89SE LMGU', false, 763.44, '2018/05/02');
insert into book_item (library_id, rack_id, isbn, book_item_format, book_item_status, barcode, is_reference_only, price, date_of_purchase) values (3, 6,'839985625-8', 'hardcover','available','DE19 3558 1649 9424 3769 34', true, 654.59, '2020/12/19');
insert into book_item (library_id, rack_id, isbn, book_item_format, book_item_status, barcode, is_reference_only, price, date_of_purchase) values (1, 3,'563944853-9', 'hardcover','available','GB65 FOZS 2810 2522 2252 16', true, 182.44, '2019/10/03');
insert into book_item (library_id, rack_id, isbn, book_item_format, book_item_status, barcode, is_reference_only, price, date_of_purchase) values (2, 8,'341058723-3','paperback','reserved','AE08 1129 9186 7907 3809 652', false, 97.20, '2020/05/27');
insert into book_item (library_id, rack_id, isbn, book_item_format, book_item_status, barcode, is_reference_only, price, date_of_purchase) values (2, 5,'192190095-4','paperback','reserved','GE87 JL06 7964 3703 6521 90', true, 616.72, '2017/06/26');
insert into book_item (library_id, rack_id, isbn, book_item_format, book_item_status, barcode, is_reference_only, price, date_of_purchase) values (1, 10,'215367579-0','paperback','reserved','FI86 4269 1581 5352 05', true, 95.35, '2020/07/13');
insert into book_item (library_id, rack_id, isbn, book_item_format, book_item_status, barcode, is_reference_only, price, date_of_purchase) values (1, 3,'027933923-2','paperback','reserved','AZ70 SIHX JWLF JJDK UAQS 6LPE 14YU', false, 976.82, '2018/06/07');
insert into book_item (library_id, rack_id, isbn, book_item_format, book_item_status, barcode, is_reference_only, price, date_of_purchase) values (1, 2,'795920063-7','paperback','reserved','AL48 3523 4397 MCPH 7NAI XX4Z Y3II', true, 154.51, '2021/04/12');
insert into book_item (library_id, rack_id, isbn, book_item_format, book_item_status, barcode, is_reference_only, price, date_of_purchase) values (1, 8,'918530552-9','paperback','reserved','FR15 7108 8380 240T XG2K MH39 H30', false, 899.50, '2021/04/06');
insert into book_item (library_id, rack_id, isbn, book_item_format, book_item_status, barcode, is_reference_only, price, date_of_purchase) values (1, 8,'085173111-2','paperback','reserved','NL60 STLQ 4911 8414 04', false, 20.98, '2018/07/05');
insert into book_item (library_id, rack_id, isbn, book_item_format, book_item_status, barcode, is_reference_only, price, date_of_purchase) values (2, 4,'372271208-4','paperback','reserved','VG85 SXSM 4745 0183 6545 9697', false, 491.15, '2018/09/04');
insert into book_item (library_id, rack_id, isbn, book_item_format, book_item_status, barcode, is_reference_only, price, date_of_purchase) values (2, 3,'021820628-3','paperback','reserved','PS43 NDJN P8DV TLH7 ECSJ UOUK OM2I S', false, 392.02, '2018/05/04');
insert into book_item (library_id, rack_id, isbn, book_item_format, book_item_status, barcode, is_reference_only, price, date_of_purchase) values (3, 7,'314865405-6','paperback','reserved','CZ24 3501 9397 0486 4363 6789', true, 718.30, '2019/10/24');
insert into book_item (library_id, rack_id, isbn, book_item_format, book_item_status, barcode, is_reference_only, price, date_of_purchase) values (3, 2,'902125107-8','paperback','reserved','GR90 3633 770J SEYU GDYX RRTJ 9VM', false, 424.59, '2019/07/28');
insert into book_item (library_id, rack_id, isbn, book_item_format, book_item_status, barcode, is_reference_only, price, date_of_purchase) values (3, 8,'826766717-2','paperback','reserved','CY02 8316 2950 DYSY WQBT PI3M HYGL', true, 464.00, '2018/01/27');
insert into book_item (library_id, rack_id, isbn, book_item_format, book_item_status, barcode, is_reference_only, price, date_of_purchase) values (2, 6,'205480479-7','paperback','reserved','AL50 2972 3662 TP2J TACQ FQSF BWQD', true, 166.62, '2019/08/07');
insert into book_item (library_id, rack_id, isbn, book_item_format, book_item_status, barcode, is_reference_only, price, date_of_purchase) values (1, 3,'459474301-3','paperback','reserved','SM63 X984 8919 908X QLKF WOQF WFK', false, 74.69, '2018/04/04');
insert into book_item (library_id, rack_id, isbn, book_item_format, book_item_status, barcode, is_reference_only, price, date_of_purchase) values (3, 1,'845102216-2','paperback','reserved','FR13 3678 3961 41WU CNKL M4EH 936', true, 868.79, '2019/12/03');
insert into book_item (library_id, rack_id, isbn, book_item_format, book_item_status, barcode, is_reference_only, price, date_of_purchase) values (1, 7,'323120901-3','paperback','reserved','DE20 9297 1476 4549 8861 28', true, 561.43, '2020/06/02');
insert into book_item (library_id, rack_id, isbn, book_item_format, book_item_status, barcode, is_reference_only, price, date_of_purchase) values (1, 6,'051508994-X','paperback','reserved','BR04 7096 4317 3021 3478 6414 015Y H', true, 593.19, '2019/07/15');
insert into book_item (library_id, rack_id, isbn, book_item_format, book_item_status, barcode, is_reference_only, price, date_of_purchase) values (2, 1,'784313901-X','paperback','reserved','MT06 HATA 8415 1ZCR YVKG R0LX ZBK5 J4L', true, 877.10, '2019/10/18');
insert into book_item (library_id, rack_id, isbn, book_item_format, book_item_status, barcode, is_reference_only, price, date_of_purchase) values (1, 5,'953588562-6', 'audiobook','loaned','KZ70 029U UVLJ F1CQ PYIN', false, 121.66, '2017/06/07');
insert into book_item (library_id, rack_id, isbn, book_item_format, book_item_status, barcode, is_reference_only, price, date_of_purchase) values (1, 2,'899684488-8', 'audiobook','loaned','FR47 3611 8066 19TT A63J GYSW R66', false, 4.03, '2017/11/20');
insert into book_item (library_id, rack_id, isbn, book_item_format, book_item_status, barcode, is_reference_only, price, date_of_purchase) values (1, 7,'655471597-5', 'audiobook','loaned','IE62 BBLL 9458 3810 4766 86', true, 91.96, '2020/06/07');
insert into book_item (library_id, rack_id, isbn, book_item_format, book_item_status, barcode, is_reference_only, price, date_of_purchase) values (2, 10,'881657640-5','audiobook','loaned','CR13 3033 1808 5417 0221 8', false, 753.97, '2020/02/27');
insert into book_item (library_id, rack_id, isbn, book_item_format, book_item_status, barcode, is_reference_only, price, date_of_purchase) values (2, 9,'694480213-9', 'audiobook','loaned','VG47 XIHX 1587 9831 2497 6783', true, 732.01, '2020/08/02');
insert into book_item (library_id, rack_id, isbn, book_item_format, book_item_status, barcode, is_reference_only, price, date_of_purchase) values (3, 6,'817502093-8', 'audiobook','loaned','LB58 1925 XUTX BPEX RKIS OOF7 HRN5', false, 151.97, '2020/08/29');
insert into book_item (library_id, rack_id, isbn, book_item_format, book_item_status, barcode, is_reference_only, price, date_of_purchase) values (1, 5,'137782735-6', 'audiobook','loaned','EE82 5160 2381 1258 2621', false, 481.12, '2020/03/02');
insert into book_item (library_id, rack_id, isbn, book_item_format, book_item_status, barcode, is_reference_only, price, date_of_purchase) values (3, 4,'906619115-5', 'audiobook','loaned','SE53 7585 4868 5194 0511 5112', true, 363.92, '2020/03/30');
insert into book_item (library_id, rack_id, isbn, book_item_format, book_item_status, barcode, is_reference_only, price, date_of_purchase) values (2, 4,'330597795-7', 'audiobook','loaned','MK96 1447 3WAJ TKXL D53', false, 352.99, '2019/04/10');
insert into book_item (library_id, rack_id, isbn, book_item_format, book_item_status, barcode, is_reference_only, price, date_of_purchase) values (2, 1,'215163157-5', 'audiobook','loaned','GR86 8598 419B R0UV IAP6 CGZ9 INP', true, 678.93, '2021/02/05');
insert into book_item (library_id, rack_id, isbn, book_item_format, book_item_status, barcode, is_reference_only, price, date_of_purchase) values (1, 5,'435066344-4', 'audiobook','loaned','FR46 9280 5265 50BM EOCQ QFAT F18', false, 505.16, '2021/01/14');
insert into book_item (library_id, rack_id, isbn, book_item_format, book_item_status, barcode, is_reference_only, price, date_of_purchase) values (3, 1,'135931605-1', 'audiobook','loaned','LB31 4877 T7XP QNZ8 MZRS XMHL HNW5', false, 989.46, '2017/09/04');
insert into book_item (library_id, rack_id, isbn, book_item_format, book_item_status, barcode, is_reference_only, price, date_of_purchase) values (1, 1,'831646694-5', 'ebook', 'lost','FR71 5198 6066 54DF 72O5 MDQK 774', false, 897.71, '2019/10/24');
insert into book_item (library_id, rack_id, isbn, book_item_format, book_item_status, barcode, is_reference_only, price, date_of_purchase) values (2, 3,'325472714-2', 'newspaper', 'lost','GI34 PPOI 9B4C U7OF WCHJ MKT', true, 377.47, '2019/01/22');
insert into book_item (library_id, rack_id, isbn, book_item_format, book_item_status, barcode, is_reference_only, price, date_of_purchase) values (3, 4,'247720377-0', 'magazine', 'lost','PL03 5176 9820 5095 1864 9681 1366', false, 928.17, '2020/11/25');
insert into book_item (library_id, rack_id, isbn, book_item_format, book_item_status, barcode, is_reference_only, price, date_of_purchase) values (3, 4,'608486546-1', 'journal', 'lost','SK87 2199 8906 6912 3118 7343', false, 793.97, '2020/11/16');

insert into account (password, email, account_status, person, person_address) values ('Holdlamis', 'gpemble0@topsy.com', 'active', ('Gun', 'Pemble', '216-676-1271'), ('3 Doe Crossing Street', 'Cleveland', 'Ohio', '44130', 'United States'));
insert into account (password, email, account_status, person, person_address) values ('Fintone', 'nspilisy1@go.com', 'active', ('Natassia', 'Spilisy', '414-598-4791'), ('34 Dottie Street', 'Milwaukee', 'Wisconsin', '53234', 'United States'));
insert into account (password, email, account_status, person, person_address) values ('Cardguard', 'mfluck2@so-net.ne.jp', 'active', ('Milena', 'Fluck', '202-802-3086'), ('31922 Jenifer Center', 'Washington', 'District of Columbia', '20226', 'United States'));
insert into account (password, email, account_status, person, person_address) values ('Y-find', 'rluckham3@buzzfeed.com', 'canceled', ('Rinaldo', 'Luckham', '719-382-0870'), ('96 Raven Lane', 'Colorado Springs', 'Colorado', '80915', 'United States'));
insert into account (password, email, account_status, person, person_address) values ('Trippledex', 'uhuitt4@a8.net', 'active', ('Urbain', 'Huitt', '404-525-9794'), ('221 Harper Place', 'Atlanta', 'Georgia', '30356', 'United States'));
insert into account (password, email, account_status, person, person_address) values ('Namfix', 'raxston5@omniture.com', 'blacklisted', ('Rudolf', 'Axston', '812-199-3528'), ('0 Wayridge Court', 'Evansville', 'Indiana', '47747', 'United States'));
insert into account (password, email, account_status, person, person_address) values ('Tres-Zap', 'sjoder6@cdc.gov', 'none', ('Sydelle', 'Joder', '773-869-5938'), ('07705 Sage Crossing', 'Chicago', 'Illinois', '60619', 'United States'));
insert into account (password, email, account_status, person, person_address) values ('Cookley', 'bdespenser7@army.mil', 'closed', ('Burl', 'Despenser', '734-587-0452'), ('343 Boyd Parkway', 'Dearborn', 'Michigan', '48126', 'United States'));
insert into account (password, email, account_status, person, person_address) values ('Lotstring', 'krichardeau9@redcross.org', 'active', ('Keslie', 'Richardeau', '303-218-7905'), ('3700 Maple Court', 'Denver', 'Colorado', '80243', 'United States'));
insert into account (password, email, account_status, person, person_address) values ('Subin', 'dspini8@prweb.com', 'none', ('Dasi', 'Spini', '214-437-7488'), ('315 Manley Hill', 'Dallas', 'Texas', '75226', 'United States'));

insert into member (account_id, date_of_membership, total_books_checkedout) values (3 ,'2020-12-18', 2);
insert into member (account_id, date_of_membership, total_books_checkedout) values (4 ,'2020-07-31', 3);
insert into member (account_id, date_of_membership, total_books_checkedout) values (5 ,'2020-11-21', 4);
insert into member (account_id, date_of_membership, total_books_checkedout) values (6 ,'2020-09-21', 2);
insert into member (account_id, date_of_membership, total_books_checkedout) values (7 ,'2021-03-27', 2);
insert into member (account_id, date_of_membership, total_books_checkedout) values (8 ,'2020-12-16', 4);
insert into member (account_id, date_of_membership, total_books_checkedout) values (9 ,'2020-11-28', 2);
insert into member (account_id, date_of_membership, total_books_checkedout) values (10 ,'2021-02-12', 4);

insert into librarian values (1);
insert into librarian values (2);

insert into library_card (library_card_id, account_id, barcode, issued_at_date, is_library_card_active) values (1, 1, 'S49142K', null, true);
insert into library_card (library_card_id, account_id, barcode, issued_at_date, is_library_card_active) values (2, 2, 'S42232D', null, true);
insert into library_card (library_card_id, account_id, barcode, issued_at_date, is_library_card_active) values (3, 3, 'T22622D', null, true);
insert into library_card (library_card_id, account_id, barcode, issued_at_date, is_library_card_active) values (4, 4, 'S42261B', null, true);
insert into library_card (library_card_id, account_id, barcode, issued_at_date, is_library_card_active) values (5, 5, 'T23361', null, true);
insert into library_card (library_card_id, account_id, barcode, issued_at_date, is_library_card_active) values (6, 6, 'S76891D', null, true);
insert into library_card (library_card_id, account_id, barcode, issued_at_date, is_library_card_active) values (7, 7, 'S72352G', null, true);
insert into library_card (library_card_id, account_id, barcode, issued_at_date, is_library_card_active) values (8, 8, 'S99232B', null, true);
insert into library_card (library_card_id, account_id, barcode, issued_at_date, is_library_card_active) values (9, 9, 'T551X', null, true);
insert into library_card (library_card_id, account_id, barcode, issued_at_date, is_library_card_active) values (10, 10, 'S66901', null, true);
insert into library_card (library_card_id, account_id, barcode, issued_at_date, is_library_card_active) values (11, 4, 'V8649XD', '2019/04/07', false);
insert into library_card (library_card_id, account_id, barcode, issued_at_date, is_library_card_active) values (12, 3, 'S52514E', '2019/02/01', false);

insert into barcode_reader values (1, '2017/12/22', false);
insert into barcode_reader values (2, '2019/12/22', true);

insert into reservation_queue (isbn, account_id, reservation_status, reservation_queue_start_date, reservation_queue_end_date) values ('345951762-X', 1, 'waiting', '2000/01/01','2000/01/10');
insert into reservation_queue (isbn, account_id, reservation_status, reservation_queue_start_date, reservation_queue_end_date) values ('813931175-8', 3, 'waiting', '2000/01/01','2000/01/10');
insert into reservation_queue (isbn, account_id, reservation_status, reservation_queue_start_date, reservation_queue_end_date) values ('474689994-0', 3, 'waiting', '2000/01/01','2000/01/10');
insert into reservation_queue (isbn, account_id, reservation_status, reservation_queue_start_date, reservation_queue_end_date) values ('571609087-7', 4, 'waiting', '2000/01/01','2000/01/10');
insert into reservation_queue (isbn, account_id, reservation_status, reservation_queue_start_date, reservation_queue_end_date) values ('113513723-4', 5, 'waiting', '2000/01/01','2000/01/10');
insert into reservation_queue (isbn, account_id, reservation_status, reservation_queue_start_date, reservation_queue_end_date) values ('144303702-8', 6, 'waiting', '2000/01/01','2000/01/10');
insert into reservation_queue (isbn, account_id, reservation_status, reservation_queue_start_date, reservation_queue_end_date) values ('863877904-6', 7, 'pending', '2000/01/01','2000/01/10');
insert into reservation_queue (isbn, account_id, reservation_status, reservation_queue_start_date, reservation_queue_end_date) values ('955210501-3', 8, 'pending', '2000/01/01','2000/01/10');
insert into reservation_queue (isbn, account_id, reservation_status, reservation_queue_start_date, reservation_queue_end_date) values ('653534155-0', 9, 'pending', '2000/01/01','2000/01/10');
insert into reservation_queue (isbn, account_id, reservation_status, reservation_queue_start_date, reservation_queue_end_date) values ('653534155-0', 3, 'completed', '2000/01/01','2000/01/10');
insert into reservation_queue (isbn, account_id, reservation_status, reservation_queue_start_date, reservation_queue_end_date) values ('653534155-0', 4, 'completed', '2000/01/01','2000/01/10');
insert into reservation_queue (isbn, account_id, reservation_status, reservation_queue_start_date, reservation_queue_end_date) values ('076795529-3', 10, 'canceled', '2000/01/01','2000/01/10');

insert into lending (isbn, account_id, lending_creation_date, lending_due_date, lending_return_date) values ('345951762-X', 1, '2000/01/01', '2000/01/01','2000/01/10');
insert into lending (isbn, account_id, lending_creation_date, lending_due_date, lending_return_date) values ('813931175-8', 3, '2000/01/01', '2000/01/01','2000/01/10');
insert into lending (isbn, account_id, lending_creation_date, lending_due_date, lending_return_date) values ('474689994-0', 3, '2000/01/01', '2000/01/01','2000/01/10');
insert into lending (isbn, account_id, lending_creation_date, lending_due_date, lending_return_date) values ('571609087-7', 4, '2000/01/01', '2000/01/01','2000/01/10');
insert into lending (isbn, account_id, lending_creation_date, lending_due_date, lending_return_date) values ('113513723-4', 5, '2000/01/01', '2000/01/01','2000/01/10');
insert into lending (isbn, account_id, lending_creation_date, lending_due_date, lending_return_date) values ('144303702-8', 6, '2000/01/01', '2000/01/01','2000/01/10');
insert into lending (isbn, account_id, lending_creation_date, lending_due_date, lending_return_date) values ('863877904-6', 7, '2000/01/01', '2000/01/01','2000/01/10');
insert into lending (isbn, account_id, lending_creation_date, lending_due_date, lending_return_date) values ('955210501-3', 8, '2000/01/01', '2000/01/01','2000/01/10');
insert into lending (isbn, account_id, lending_creation_date, lending_due_date, lending_return_date) values ('653534155-0', 9, '2000/01/01', '2000/01/01','2000/01/10');
insert into lending (isbn, account_id, lending_creation_date, lending_due_date, lending_return_date) values ('653534155-0', 3, '2000/01/01', '2000/01/01','2000/01/10');
insert into lending (isbn, account_id, lending_creation_date, lending_due_date, lending_return_date) values ('653534155-0', 4, '2000/01/01', '2000/01/01','2000/01/10');
insert into lending (isbn, account_id, lending_creation_date, lending_due_date, lending_return_date) values ('076795529-3', 10,'2000/01/01', '2000/01/01','2000/01/10');

INSERT into fine(lending_id, fine_amount) values (2, 23.21);
INSERT into fine(lending_id, fine_amount) values (3, 23.21);
INSERT into fine(lending_id, fine_amount) values (4, 23.21);

INSERT into fine_transaction(fine_id, creation_date, fine_transaction_amount) values (3, '2000/10/10',23.21);
